nome,email,telefone,unidade
MARCIA SILVA,marcia@gmail.com,,904
ALAN SANTOS,alan@gmail.com,,1401
ALAN SANTOS,alan@gmail.com,,1402
ANTONIO COSTA,antonio@gmail.com,,1004
CARLA OLIVEIRA,carla@gmail.com,,804
RICARDO PEREIRA,ricardo@gmail.com,,1104
FATIMA SOUZA,fatima@gmail.com,,1203
FATIMA SOUZA,fatima@gmail.com,,1204
